,body,r,m,x,y,z,vx,vy,vz
0,1.0,130000.0,9.2027720799157e+18,-730674686569.4685,3014847587658.9927,0.0,-3033.1745630194337,4834.639840973125,0.0
1,3.0,1150000.0,6.370626302704502e+21,-730675115481.1512,3014847311535.464,0.0,-2055.386277763055,3990.929481086073,0.0
