,body,r,m,x,y,z,vx,vy,vz
0,1.0,130000.0,9.2027720799157e+18,-593562989090.574,2734922231364.6626,0.0,-1287.4500845342473,4601.744976938562,0.0
1,3.0,1050000.0,4.849048260815846e+21,-593562603402.0428,2734923233297.6387,0.0,-1866.4638332832478,4083.7289466799953,0.0
