,body,r,m,x,y,z,vx,vy,vz
0,2.0,80000.0,2.1446605848506322e+18,-488652623625.5391,2489625454664.9297,0.0,-2553.6649546446724,-453.4872511234822,0.0
1,3.0,1000000.0,4.1887902047863906e+21,-488652609510.25116,2489625438005.578,0.0,-1698.0044336179253,4159.689824186506,0.0
