,body,r,m,x,y,z,vx,vy,vz
0,1.0,130000.0,9.2027720799157e+18,-358193531414.4979,2142718421401.4766,0.0,-1453.320849984712,5056.945955063855,0.0
1,3.0,1100000.0,5.575279762570686e+21,-358194007643.2046,2142719444898.5298,0.0,-1461.8243368658807,4244.945138005408,0.0
