,body,r,m,x,y,z,vx,vy,vz
0,1.0,130000.0,9.2027720799157e+18,-572225533805.5073,2685106776963.807,0.0,-2350.7828333568077,4845.117750157207,0.0
1,3.0,1050000.0,4.849048260815846e+21,-572226312993.7167,2685106698703.9517,0.0,-1830.8459719922346,4098.861531355685,0.0
