,body,r,m,x,y,z,vx,vy,vz
0,2.0,80000.0,2.1446605848506322e+18,-1868750293328.4548,4594942918135.402,0.0,-4022.7008143776125,5274.517945321315,0.0
1,3.0,1150000.0,6.370626302704502e+21,-1868750456164.9062,4594942961740.078,0.0,-3134.4606471648685,3215.049617713269,0.0
