,body,r,m,x,y,z,vx,vy,vz
0,1.0,130000.0,9.2027720799157e+18,-633000314813.2906,2822168293144.8867,0.0,-1569.324527340774,3054.576681783486,0.0
1,3.0,1150000.0,6.370626302704502e+21,-633001019538.8397,2822168034376.4136,0.0,-1924.9253276471904,4058.277185213387,0.0
