,body,r,m,x,y,z,vx,vy,vz
0,1.0,130000.0,9.2027720799157e+18,-1004823745018.9882,3498089436878.9824,0.0,-2576.775602540796,5011.568888156157,0.0
1,3.0,1100000.0,5.575279762570686e+21,-1004824238440.9473,3498089377859.0044,0.0,-2385.577007715415,3802.2122160008776,0.0
