,body,r,m,x,y,z,vx,vy,vz
0,1.0,130000.0,9.2027720799157e+18,-686589005711.6095,2930081867980.8896,0.0,-1522.5433499901064,4634.417092487231,0.0
1,3.0,1000000.0,4.1887902047863906e+21,-686588963294.9484,2930082792427.915,0.0,-1999.5224349592575,4019.9140825849213,0.0
