,body,r,m,x,y,z,vx,vy,vz
0,1.0,130000.0,9.2027720799157e+18,-758817340263.7784,3068856974470.558,0.0,-2596.660880130307,4652.799639776164,0.0
1,3.0,1050000.0,4.849048260815846e+21,-758818231311.3077,3068856832792.5146,0.0,-2092.677528552758,3971.67702324285,0.0
