,body,r,m,x,y,z,vx,vy,vz
0,1.0,130000.0,9.2027720799157e+18,-475794828037.68335,2457917368045.0195,0.0,-1879.662275073771,5163.6881197264665,0.0
1,3.0,1000000.0,4.1887902047863906e+21,-475795232256.64886,2457917722794.2285,0.0,-1676.3821001445374,4163.861018828325,0.0
