,body,r,m,x,y,z,vx,vy,vz
0,1.0,130000.0,9.2027720799157e+18,-1634526595422.307,4343332955894.3345,0.0,-3091.786082167597,4153.701927619803,0.0
1,3.0,1100000.0,5.575279762570686e+21,-1634527775292.855,4343332796482.1084,0.0,-2962.1667816348267,3373.437027899167,0.0
