,body,r,m,x,y,z,vx,vy,vz
0,1.0,130000.0,9.2027720799157e+18,-1152703117606.475,3723489703516.952,0.0,-2710.485770550027,4638.74116155321,0.0
1,3.0,1050000.0,4.849048260815846e+21,-1152703827156.0273,3723489623083.3516,0.0,-2539.304109567606,3701.5677486378613,0.0
