,body,r,m,x,y,z,vx,vy,vz
0,2.0,80000.0,2.1446605848506322e+18,-366768174649.3671,2167467025801.833,0.0,-627.4620905084845,2060.410364351313,0.0
1,3.0,1100000.0,5.575279762570686e+21,-366768148515.1232,2167466893177.2046,0.0,-1478.988681778126,4241.315048482831,0.0
