,body,r,m,x,y,z,vx,vy,vz
0,1.0,130000.0,9.2027720799157e+18,-452131339795.6817,2401205985277.772,0.0,-633.2401595065706,5199.847426310001,0.0
1,3.0,1150000.0,6.370626302704502e+21,-452131282521.10596,2401206395874.975,0.0,-1639.2046214278807,4179.7024198406,0.0
