,body,r,m,x,y,z,vx,vy,vz
0,1.0,130000.0,9.2027720799157e+18,-245687329082.7214,1786626510458.1294,0.0,-637.8163093701487,4760.216297756921,0.0
1,3.0,1000000.0,4.1887902047863906e+21,-245686723188.45947,1786627371969.1492,0.0,-1219.8502870403697,4321.020260056777,0.0
